{
    "controller": [
        {
            "name": "安卓端",
            "type": "Adb"
        },
        {
            "name": "桌面端",
            "type": "Win32",
            "win32": {
                "method": "Search",
                "class_name": ".*",
                "window_name": "Visual Studio"
            }
        }
    ],
    "resource": [
        {
            "name": "官服",
            "path": [
                "{PROJECT_DIR}/resource/base"
            ]
        },
        {
            "name": "B 服",
            "path": [
                "{PROJECT_DIR}/resource/base",
                "{PROJECT_DIR}/resource/bilibili"
            ]
        }
    ],
    "task": [
        {
            "name": "启动",
            "entry": "启动"
        },
        {
            "name": "赠送感知",
            "entry": "赠送感知"
        },
        {
            "name": "邮件",
            "entry": "邮件"
        },
        {
            "name": "商店",
            "entry": "商店"
        },
        {
            "name": "领取体力",
            "entry": "体力"
        },
        {
            "name": "升级枪械",
            "entry": "升级枪械"
        },
        {
            "name": "活动",
            "entry": "活动战斗"
        },
        {
            "name": "常规战斗",
            "entry": "战斗",
            "option": [
                "作战关卡",
                "刷取次数",
                "刷完全部体力",
                "使用体力药剂"
            ]
        },
        {
            "name": "刷天启碎片",
            "entry": "刷碎片",
            "option": [
                "选择人物"
            ]
        },
        {
            "name": "任务",
            "entry": "任务"
        },
        {
            "name": "活动任务",
            "entry": "活动任务"
        },
        {
            "name": "凭证",
            "entry": "凭证"
        },
        {
            "name": "关闭游戏",
            "entry": "关闭游戏"
        }
    ],
    "recognizer": {},
    "action": {},
    "option": {
        "作战关卡": {
            "cases": [
                {
                    "name": "版本活动武器",
                    "param": {
                        "进入作战": {
                            "expected": "聚兵之器"
                        }
                    }
                },
                {
                    "name": "版本活动后勤",
                    "param": {
                        "进入作战": {
                            "expected": "练心之战"
                        }
                    }
                },
                {
                    "name": "通用银",
                    "param": {
                        "进入作战": {
                            "expected": "富饶之壶"
                        }
                    }
                },
                {
                    "name": "角色经验",
                    "param": {
                        "进入作战": {
                            "expected": "百足之市"
                        }
                    }
                },
                {
                    "name": "武器经验",
                    "param": {
                        "进入作战": {
                            "expected": "止战之人"
                        }
                    }
                },
                {
                    "name": "武器材料",
                    "param": {
                        "进入作战": {
                            "expected": "重铸之炎"
                        }
                    }
                },
                {
                    "name": "神经素材",
                    "param": {
                        "进入作战": {
                            "expected": "永冬之境"
                        }
                    }
                },
                {
                    "name": "后勤",
                    "param": {
                        "进入作战": {
                            "expected": "浴火之战"
                        }
                    }
                }
            ]
        },
        "刷取次数": {
            "cases": [
                {
                    "name": "1",
                    "param": {
                        "战斗次数": {
                            "expected": "1"
                        }
                    }
                },
                {
                    "name": "2",
                    "param": {
                        "战斗次数": {
                            "expected": "2"
                        }
                    }
                },
                {
                    "name": "3",
                    "param": {
                        "战斗次数": {
                            "expected": "3"
                        }
                    }
                },
                {
                    "name": "4",
                    "param": {
                        "战斗次数": {
                            "expected": "4"
                        }
                    }
                },
                {
                    "name": "5",
                    "param": {
                        "战斗次数": {
                            "expected": "5"
                        }
                    }
                },
                {
                    "name": "6",
                    "param": {
                        "战斗次数": {
                            "expected": "6"
                        }
                    }
                }
            ]
        },
        "刷完全部体力": {
            "cases": [
                {
                    "name": "是",
                    "param": {
                        "完成战斗": {
                            "is_sub": true
                        }
                    }
                },
                {
                    "name": "否",
                    "param": {
                        "完成战斗": {
                            "next": [
                                "返回主菜单"
                            ]
                        }
                    }
                }
            ]
        },
        "使用体力药剂": {
            "cases": [
                {
                    "name": "是",
                    "param": {
                        "使用体力": {
                            "target": [
                                660,
                                560,
                                0,
                                0
                            ],
                            "next": [
                                "体力不足",
                                "关闭奖励通知",
                                "战斗"
                            ]
                        }
                    }
                },
                {
                    "name": "否",
                    "param": {
                        "使用体力": {
                            "target": [
                                400,
                                560,
                                0,
                                0
                            ],
                            "next": [
                                "返回主菜单"
                            ]
                        }
                    }
                }
            ]
        },
        "选择人物": {
            "cases": [
                {
                    "name": "羽蜕恩雅",
                    "param": {
                        "选择人物": {
                            "expected": "羽蜕"
                        }
                    }
                },
                {
                    "name": "悖谬琴诺",
                    "param": {
                        "选择人物": {
                            "expected": [
                                "悖谬",
                                "谬",
                                "专送",
                                "传送",
                                "读谬"
                            ]
                        }
                    }
                },
                {
                    "name": "咎冠芬妮",
                    "param": {
                        "选择人物": {
                            "expected": [
                                "咎冠",
                                "答冠"
                            ]
                        }
                    }
                },
                {
                    "name": "缄默芙提雅",
                    "param": {
                        "选择人物": {
                            "expected": [
                                "缄默",
                                "默"
                            ]
                        }
                    }
                },
                {
                    "name": "辉夜安卡希雅",
                    "param": {
                        "选择人物": {
                            "expected": [
                                "辉夜"
                            ]
                        }
                    }
                },
                {
                    "name": "狂猎里芙",
                    "param": {
                        "选择人物": {
                            "expected": [
                                "狂猎"
                            ]
                        }
                    }
                },
                {
                    "name": "雨燕茉莉安",
                    "param": {
                        "选择人物": {
                            "expected": [
                                "雨燕"
                            ]
                        }
                    }
                },
                {
                    "name": "藏锋晴",
                    "param": {
                        "选择人物": {
                            "expected": [
                                "藏锋"
                            ]
                        }
                    }
                },
                {
                    "name": "冬至肴",
                    "param": {
                        "选择人物": {
                            "expected": [
                                "冬至"
                            ]
                        }
                    }
                },
                {
                    "name": "溯影猫汐尔",
                    "param": {
                        "选择人物": {
                            "expected": [
                                "溯影"
                            ]
                        }
                    }
                },
                {
                    "name": "瞬刻瑟瑞斯",
                    "param": {
                        "选择人物": {
                            "expected": [
                                "瞬刻"
                            ]
                        }
                    }
                },
                {
                    "name": "云篆晨星",
                    "param": {
                        "选择人物": {
                            "expected": [
                                "云篆"
                            ]
                        }
                    }
                },
                {
                    "name": "蓝闪凯西娅",
                    "param": {
                        "选择人物": {
                            "expected": [
                                "蓝闪"
                            ]
                        }
                    }
                },
                {
                    "name": "豹豹伊切尔",
                    "param": {
                        "选择人物": {
                            "expected": [
                                "豹豹"
                            ]
                        }
                    }
                },
                {
                    "name": "魔术师苔丝",
                    "param": {
                        "选择人物": {
                            "expected": [
                                "魔术师"
                            ]
                        }
                    }
                }
            ]
        }
    },
    "version": "v0.0.1"
}