{
    "邮件": {
        "next": [
            "判断邮件存在",
            "领取邮件",
            "进入邮件",
            "返回主菜单"
        ]
    },
    "判断邮件存在": {
        "recognition": "TemplateMatch",
        "roi": [
            110,
            185,
            13,
            13
        ],
        "template": "领取邮件/邮件不在_110_185_13_13__60_135_113_113.png"
    },
    "进入邮件": {
        "is_sub": true,
        "recognition": "TemplateMatch",
        "roi": [
            55,
            193,
            53,
            43
        ],
        "template": "领取邮件/邮件_55_193_53_43__5_143_153_143.png",
        "action": "Click"
    },
    "领取邮件": {
        "recognition": "OCR",
        "roi": [
            249,
            640,
            143,
            38
        ],
        "expected": "批量领取",
        "action": "Click",
        "next": [
            "关闭奖励通知",
            "返回主菜单"
        ]
    }
}