{
    "体力": {
        "next": [
            "判断供应站库存",
            "领取体力",
            "打开供应站",
            "返回主菜单"
        ]
    },
    "判断供应站库存": {
        "recognition": "TemplateMatch",
        "roi": [
            150,
            301,
            19,
            19
        ],
        "template": "体力/体力不在_150_301_19_19__100_251_119_119.png"
    },
    "领取体力": {
        "recognition": "OCR",
        "roi": [
            185,
            431,
            159,
            37
        ],
        "expected": "每日物资配给箱",
        "action": "Click",
        "next": [
            "购买体力"
        ]
    },
    "打开供应站": {
        "recognition": "OCR",
        "roi": [
            71,
            318,
            80,
            35
        ],
        "expected": "供应站",
        "action": "Click",
        "next": [
            "打开供应站补给箱"
        ]
    },
    "打开供应站补给箱": {
        "recognition": "TemplateMatch",
        "roi": [
            7,
            343,
            59,
            57
        ],
        "template": "体力/供应站补给箱_7_343_59_57__0_293_159_157.png",
        "action": "Click",
        "next": [
            "体力"
        ]
    },
    "购买体力": {
        "recognition": "TemplateMatch",
        "roi": [
            878,
            526,
            187,
            51
        ],
        "template": "体力/购买_878_526_187_51__828_476_287_151.png",
        "action": "Click",
        "next": [
            "关闭奖励通知",
            "返回主菜单"
        ]
    }
}