{
    "战斗": {
        "next": [
            "使用体力",
            "完成战斗",
            "开始战斗",
            "速战",
            "进入深渊作战",
            "进入深渊作战_滑动",
            "进入作战",
            "作战_滑动",
            "选择作战1",
            "打开战斗"
        ]
    },
    "进入深渊作战_滑动": {
        "is_sub": true,
        "recognition": "TemplateMatch",
        "roi": [
            643,
            315,
            80,
            35
        ],
        "template": "战斗/进入深渊作战_643_315_80_35__593_265_180_135.png",
        "action": "Swipe",
        "begin": [
            1250,
            330,
            0,
            0
        ],
        "end": [
            1000,
            330,
            0,
            0
        ]
    },
    "进入深渊作战": {
        "is_sub": true,
        "recognition": "OCR",
        "expected": "深渊",
        "action": "Click"
    },
    "常规战斗_滑动": {
        "inverse": true,
        "recognition": "OCR",
        "expected": "深渊",
        "action": "Swipe",
        "begin": [
            1250,
            330,
            0,
            0
        ],
        "end": [
            40,
            330,
            0,
            0
        ]
    },
    "使用体力": {
        "post_wait_freezes": 2,
        "recognition": "TemplateMatch",
        "roi": [
            812,
            259,
            108,
            106
        ],
        "template": "战斗/恢复感知_812_259_108_106__762_209_208_206.png",
        "action": "Click"
    },
    "速战MAX": {
        "is_sub": true,
        "recognition": "TemplateMatch",
        "roi": [
            823,
            463,
            68,
            40
        ],
        "template": "战斗/速战MAX_823_463_68_31__773_413_168_131.png",
        "action": "Click"
    },
    "完成战斗": {
        "recognition": "TemplateMatch",
        "roi": [
            527,
            645,
            229,
            39
        ],
        "template": "战斗/完成作战_527_645_229_39__477_581_329_139.png",
        "action": "Click"
    },
    "打开战斗": {
        "is_sub": true,
        "recognition": "TemplateMatch",
        "roi": [
            1017,
            300,
            78,
            47
        ],
        "template": "启动/战斗_1017_300_78_47__967_250_178_147.png",
        "action": "Click"
    },
    "选择作战1": {
        "is_sub": true,
        "recognition": "TemplateMatch",
        "roi": [
            1048,
            369,
            174,
            58
        ],
        "template": "战斗/常规行动_1048_369_174_58__998_319_274_158.png",
        "action": "Click"
    },
    "作战_滑动": {
        "is_sub": true,
        "recognition": "TemplateMatch",
        "roi": [
            261,
            655,
            163,
            45
        ],
        "template": "战斗/常规行动2_261_655_163_45__211_575_263_145.png",
        "action": "Swipe",
        "begin": [
            1050,
            330,
            0,
            0
        ],
        "end": [
            1000,
            330,
            0,
            0
        ]
    },
    "进入作战": {
        "pre_wait_freezes": 500,
        "is_sub": true,
        "recognition": "OCR",
        "roi": [
            57,
            530,
            2328,
            43
        ],
        "action": "Click"
    },
    "速战": {
        "recognition": "OCR",
        "roi": [
            867,
            638,
            112,
            47
        ],
        "expected": "速战",
        "action": "Click",
        "next": [
            "战斗次数",
            "增加战斗次数",
            "体力不足",
            "使用体力"
        ]
    },
    "战斗次数": {
        "recognition": "OCR",
        "roi": [
            587,
            463,
            42,
            30
        ],
        "next": [
            "战斗"
        ]
    },
    "增加战斗次数": {
        "is_sub": true,
        "recognition": "TemplateMatch",
        "template": "战斗/增加作战次数_748_460_62_37__698_410_162_137.png",
        "roi": [
            748,
            460,
            62,
            37
        ],
        "action": "Click"
    },
    "开始战斗": {
        "is_sub": true,
        "recognition": "TemplateMatch",
        "roi": [
            577,
            539,
            134,
            38
        ],
        "template": "战斗/开始作战_577_539_134_38__527_489_234_138.png",
        "action": "Click"
    },
    "体力不足": {
        "recognition": "OCR",
        "roi": [
            585,
            337,
            112,
            44
        ],
        "expected": "道具不足",
        "action": "Click",
        "target": [
            1,
            0,
            0,
            0
        ],
        "next": [
            "返回主菜单"
        ]
    },
    "刷碎片": {
        "next": [
            "关卡次数限制",
            "完成战斗_碎片",
            "开始战斗",
            "速战_碎片",
            "行为02",
            "选择人物",
            "个人故事_滑动",
            "个人故事",
            "打开战斗"
        ]
    },
    "速战_碎片": {
        "is_sub": true,
        "recognition": "OCR",
        "roi": [
            867,
            638,
            112,
            47
        ],
        "expected": "速战",
        "action": "Click"
    },
    "完成战斗_碎片": {
        "is_sub": true,
        "recognition": "TemplateMatch",
        "roi": [
            527,
            645,
            229,
            39
        ],
        "template": "战斗/完成作战_527_645_229_39__477_581_329_139.png",
        "action": "Click"
    },
    "个人故事": {
        "is_sub": true,
        "recognition": "TemplateMatch",
        "roi": [
            482,
            542,
            149,
            46
        ],
        "template": "战斗/个人故事_482_542_149_46__432_492_249_146.png",
        "action": "Click"
    },
    "个人故事_滑动": {
        "post_wait_freezes": 500,
        "is_sub": true,
        "recognition": "OCR",
        "roi": [
            719,
            659,
            91,
            35
        ],
        "expected": "个人故事",
        "action": "Swipe",
        "begin": [
            1250,
            330,
            0,
            0
        ],
        "end": [
            1200,
            330,
            0,
            0
        ]
    },
    "选择人物": {
        "is_sub": true,
        "recognition": "OCR",
        "roi": [
            21,
            500,
            1253,
            31
        ],
        "action": "Click"
    },
    "行为02": {
        "is_sub": true,
        "recognition": "OCR",
        "expected": [
            "行为02",
            "行为O2"
        ],
        "action": "Click"
    },
    "关卡次数限制": {
        "recognition": "OCR",
        "roi": [
            557,
            333,
            176,
            51
        ],
        "expected": [
            "关卡次数限制",
            "记忆嵌片不足"
        ],
        "next": [
            "返回主菜单"
        ]
    },
    "活动战斗": {
        "next": [
            "使用体力_活动",
            "完成战斗_碎片",
            "开始战斗",
            "速战MAX",
            "速战_活动",
            "选择活动作战2",
            "选择活动作战1",
            "打开活动战斗"
        ]
    },
    "速战_活动": {
        "is_sub": true,
        "recognition": "OCR",
        "roi": [
            867,
            638,
            112,
            47
        ],
        "expected": "速战",
        "action": "Click"
    },
    "使用体力_活动": {
        "post_wait_freezes": 2,
        "recognition": "TemplateMatch",
        "roi": [
            812,
            259,
            108,
            106
        ],
        "template": "战斗/恢复感知_812_259_108_106__762_209_208_206.png",
        "action": "Click",
        "target": [
            660,
            560,
            0,
            0
        ],
        "next": [
            "体力不足",
            "关闭奖励通知",
            "活动战斗"
        ]
    },
    "打开活动战斗": {
        "post_wait_freezes": 2,
        "is_sub": true,
        "recognition": "TemplateMatch",
        "roi": [
            914,
            314,
            84,
            72
        ],
        "template": "活动/活动入口_914_314_84_72__864_264_184_172.png",
        "action": "Click"
    },
    "选择活动作战1": {
        "is_sub": true,
        "recognition": "OCR",
        "roi": [
            117,
            495,
            101,
            33
        ],
        "expected": "升格之路",
        "action": "Click"
    },
    "选择活动作战2": {
        "is_sub": true,
        "recognition": "OCR",
        "roi": [
            901,
            129,
            58,
            33
        ],
        "expected": "深渊",
        "action": "Click"
    }
}