{
    "升级枪械": {
        "next": [
            "升级",
            "排序",
            "道具过期提示",
            "打开背包",
            "返回主菜单_sub"
        ]
    },
    "升级": {
        "recognition": "OCR",
        "roi": [
            81,
            216,
            68,
            39
        ],
        "expected": "升级",
        "action": "Click",
        "next": [
            "点击+"
        ]
    },
    "点击+": {
        "recognition": "TemplateMatch",
        "roi": [
            790,
            464,
            93,
            89
        ],
        "template": "升级/选择材料_790_464_93_89__740_414_193_189.png",
        "action": "Click",
        "next": [
            "选择材料"
        ]
    },
    "选择材料": {
        "recognition": "OCR",
        "roi": [
            89,
            657,
            59,
            34
        ],
        "expected": "排序",
        "action": "Click",
        "target": [
            84,
            142,
            0,
            0
        ],
        "next": [
            "点击升级"
        ]
    },
    "点击升级": {
        "post_delay": 5000,
        "recognition": "OCR",
        "roi": [
            1082,
            642,
            89,
            41
        ],
        "expected": "升级",
        "action": "Click",
        "next": [
            "返回主菜单"
        ]
    },
    "排序": {
        "recognition": "TemplateMatch",
        "roi": [
            28,
            656,
            75,
            47
        ],
        "template": "升级/排序_28_656_75_47__0_573_175_147.png",
        "action": "Click",
        "next": [
            "排序2"
        ]
    },
    "排序2": {
        "recognition": "OCR",
        "roi": [
            349,
            200,
            60,
            32
        ],
        "expected": "等级",
        "action": "Click",
        "next": [
            "排序3"
        ]
    },
    "排序3": {
        "recognition": "TemplateMatch",
        "roi": [
            419,
            203,
            36,
            30
        ],
        "template": "升级/排序倒序_419_203_36_30__369_153_136_130.png",
        "action": "Click",
        "next": [
            "确定排序"
        ]
    },
    "确定排序": {
        "recognition": "OCR",
        "roi": [
            881,
            544,
            62,
            42
        ],
        "expected": "确定",
        "action": "Click",
        "next": [
            "选择枪械"
        ]
    },
    "选择枪械": {
        "action": "Click",
        "target": [
            340,
            143,
            0,
            0
        ],
        "next": [
            "枪械培养"
        ]
    },
    "枪械培养": {
        "recognition": "OCR",
        "roi": [
            620,
            535,
            122,
            42
        ],
        "expected": "枪械培养",
        "action": "Click",
        "next": [
            "升级枪械"
        ]
    },
    "打开背包": {
        "is_sub": true,
        "recognition": "OCR",
        "roi": [
            1014,
            657,
            65,
            40
        ],
        "expected": "背包",
        "action": "Click"
    }
}