{
    "赠送感知": {
        "next": [
            "检查感知",
            "一键收赠",
            "打开好友",
            "返回主菜单"
        ]
    },
    "检查感知": {
        "recognition": "TemplateMatch",
        "roi": [
            258,
            198,
            16,
            16
        ],
        "template": "赠送感知/感知不存在_258_198_15_15__208_148_115_115.png"
    },
    "一键收赠": {
        "recognition": "OCR",
        "roi": [
            1117,
            662,
            104,
            35
        ],
        "expected": "一键收赠",
        "action": "Click",
        "next": [
            "关闭奖励通知",
            "返回主菜单"
        ]
    },
    "打开好友": {
        "is_sub": true,
        "recognition": "TemplateMatch",
        "roi": [
            211,
            207,
            48,
            41
        ],
        "template": "赠送感知/好友_211_207_48_41__161_157_148_141.png",
        "action": "Click"
    }
}