{
    "任务": {
        "next": [
            "判断任务",
            "一键领取",
            "打开任务",
            "返回主菜单"
        ]
    },
    "一键领取": {
        "recognition": "OCR",
        "roi": [
            20,
            596,
            325,
            112
        ],
        "expected": [
            "一键领取",
            "键领取"
        ],
        "action": "Click",
        "next": [
            "关闭奖励通知",
            "任务"
        ]
    },
    "打开任务": {
        "recognition": "OCR",
        "roi": [
            978,
            216,
            46,
            35
        ],
        "expected": "任务",
        "action": "Click",
        "next": [
            "切换到日常任务"
        ]
    },
    "切换到日常任务": {
        "recognition": "OCR",
        "roi": [
            36,
            99,
            67,
            37
        ],
        "expected": "日常",
        "action": "Click",
        "next": [
            "任务"
        ]
    },
    "判断任务": {
        "recognition": "TemplateMatch",
        "roi": [
            1033,
            200,
            16,
            16
        ],
        "template": "任务/任务不在_1033_200_15_15__983_150_115_115.png"
    },
    "活动任务": {
        "next": [
            "一键领取活动任务",
            "打开活动任务",
            "打开活动战斗",
            "返回主菜单"
        ]
    },
    "一键领取活动任务": {
        "recognition": "OCR",
        "roi": [
            20,
            596,
            325,
            112
        ],
        "expected": [
            "一键领取",
            "键领取"
        ],
        "action": "Click",
        "next": [
            "关闭奖励通知",
            "活动任务"
        ]
    },
    "打开活动任务": {
        "is_sub": true,
        "recognition": "OCR",
        "roi": [
            353,
            598,
            137,
            38
        ],
        "expected": "堆叠高塔",
        "action": "Click"
    }
}