{
    "启动": {
        "next": [
            "检查主界面",
            "关闭奖励通知",
            "关闭公告",
            "关闭签到",
            "进入游戏",
            "启动应用"
        ]
    },
    "检查主界面": {
        "recognition": "TemplateMatch",
        "roi": [
            1017,
            300,
            78,
            47
        ],
        "template": "启动/战斗_1017_300_78_47__967_250_178_147.png"
    },
    "进入游戏": {
        "is_sub": true,
        "recognition": "TemplateMatch",
        "roi": [
            580,
            594,
            128,
            42
        ],
        "template": "启动/开始游戏_580_594_128_42__530_544_228_142.png",
        "action": "Click"
    },
    "启动应用": {
        "is_sub": true,
        "action": "StartApp",
        "package": "com.dragonli.projectsnow.lhm/com.xgsdk.client.api.splash.XGSplashActivity"
    },
    "关闭签到": {
        "is_sub": true,
        "recognition": "OCR",
        "roi": [
            142,
            88,
            106,
            32
        ],
        "expected": "刷新时间",
        "action": "Click",
        "target": [
            1,
            0,
            0,
            0
        ]
    },
    "关闭公告": {
        "is_sub": true,
        "recognition": "TemplateMatch",
        "roi": [
            834,
            40,
            404,
            266
        ],
        "template": "启动/关闭通知_1203_52_31_33__1149_2_131_133.png",
        "action": "Click"
    }
}