{
    "凭证": {
        "next": [
            "每日任务",
            "每周任务",
            "凭证奖励",
            "打开凭证",
            "返回主菜单"
        ]
    },
    "一键领取_凭证": {
        "recognition": "OCR",
        "roi": [
            73,
            655,
            97,
            37
        ],
        "expected": [
            "一键领取",
            "键领取"
        ],
        "action": "Click",
        "next": [
            "关闭奖励通知",
            "凭证"
        ]
    },
    "每日任务": {
        "recognition": "TemplateMatch",
        "roi": [
            829,
            645,
            8,
            8
        ],
        "template": "凭证/每日任务_829_645_7_7__779_595_107_107.png",
        "action": "Click",
        "target": [
            750,
            670,
            0,
            0
        ],
        "next": [
            "一键领取_凭证"
        ]
    },
    "每周任务": {
        "recognition": "TemplateMatch",
        "roi": [
            1036,
            646,
            8,
            8
        ],
        "template": "凭证/每周任务_1036_646_7_7__986_596_107_107.png",
        "action": "Click",
        "target": [
            955,
            682,
            0,
            0
        ],
        "next": [
            "一键领取_凭证"
        ]
    },
    "凭证奖励": {
        "recognition": "TemplateMatch",
        "roi": [
            623,
            646,
            8,
            8
        ],
        "template": "凭证/凭证奖励_623_646_7_7__573_596_107_107.png",
        "action": "Click",
        "target": [
            521,
            670,
            0,
            0
        ],
        "next": [
            "一键领取_凭证"
        ]
    },
    "打开凭证": {
        "is_sub": true,
        "recognition": "OCR",
        "roi": [
            192,
            321,
            89,
            39
        ],
        "expected": "空岛凭证",
        "action": "Click"
    }
}